Zipcode,Population
11368,108661
11385,105025
11211,104561
11208,102626
10467,100867
11236,98821
11373,96495
11226,96332
10025,92162
11207,90867
11220,90657
10456,90479
10314,89938
11219,87812
11206,87599
11230,87188
10458,85893
11221,85582
11377,82021
11229,81909
11355,81358
11223,80500
11233,79796
10453,78858
10468,78778
11203,77589
11235,76921
11204,75840
10462,75441
10457,74679
10029,74617
10466,74519
10452,74379
10002,74363
11212,74037
11218,73280
11375,72615
10469,72550
10463,70236
11215,69995
11691,68454
11209,68368
10472,67989
11706,67484
11213,67382
11746,66518
11201,64798
10027,64728
10977,64677
11432,64282
14850,64224
11372,63107
11717,62888
11434,62590
11210,62423
10023,62228
10701,61367
10312,61114
10024,60714
10031,60280
10473,59627
11216,59567
10032,59527
11435,59392
10033,58648
10009,58267
10128,57993
10460,57514
11550,57073
11225,56072
11238,55102
10003,54671
12550,54503
10306,54318
14221,53727
14580,53593
12180,53181
11758,53034
10950,53013
10016,52912
11354,52351
10461,51081
10011,50228
14094,49792
10940,49430
10451,49423
10459,48391
10028,47962
11419,47955
11205,47866
11590,47468
11420,47266
11237,46772
11772,46311
11224,45587
10019,45521
10040,45197
10465,45066
11003,44712
11757,44130
11228,43878
10475,43791
14120,43738
11365,43730
11520,43451
10952,43374
11374,43173
10305,42968
14075,42958
11756,42856
11743,42636
14450,42513
11217,42461
12065,42432
10021,42253
12603,42140
10304,42133
13760,42103
10034,41933
11580,41930
11413,41810
11040,41523
13440,41342
14215,41340
14150,41144
10583,41087
12601,41037
14224,40903
10801,40445
10455,40300
11801,40179
11367,40141
11357,40118
14609,40081
11704,39960
10705,39848
11421,39654
14701,39214
11378,39033
10026,38937
10573,38749
12866,38732
11779,38091
10301,38001
11554,37992
11412,37987
14624,37873
10454,37807
11231,37796
11379,37780
11561,37759
11418,37666
13021,37528
11105,37452
13501,37132
11106,37094
10035,36999
13601,36982
11433,36929
11222,36710
11358,36665
10550,36382
11364,35866
11710,35473
11103,35419
13126,35369
12590,34823
12401,34800
10010,34763
14612,34316
11722,34139
11510,33949
13027,33937
10309,33896
11787,33837
14621,33757
11566,33626
14225,33360
11735,33299
12020,33235
12901,33048
11422,32786
14086,32653
11101,32537
13502,32437
14534,31975
10562,31847
10022,31574
11417,31156
10704,31110
10030,30996
12309,30992
11731,30951
12203,30837
11050,30699
10956,30697
11369,30693
11793,30601
10065,30339
14127,29964
14626,29941
14226,29920
11423,29532
12303,29416
11370,29366
11727,29262
11725,29229
11803,29208
11967,29130
10014,29071
13090,29017
14304,29001
13045,28975
10308,28901
11720,28773
11763,28769
11901,28760
10598,28708
11572,28673
10013,28657
11361,28531
11102,28359
10036,28231
14424,28055
11429,27808
14606,27711
11414,27672
11530,27669
11542,27666
12302,27665
12010,27556
11701,27264
11570,27240
13210,27172
10303,27164
10039,27090
11553,26938
14616,26935
12306,26934
10541,26678
12553,26665
11001,26542
11232,26501
12533,26361
11741,26245
13905,26151
12804,26112
11416,26087
12205,26039
10954,25870
11791,25776
11729,25597
11010,25318
11552,25169
10710,25104
11427,25096
11795,25062
14043,25058
11104,25037
10001,25026
11784,25014
14623,24720
10512,24619
10038,24205
11356,24178
10310,24168
14620,23912
10901,23860
14207,23773
11776,23578
14228,23406
14618,23252
10591,23059
10012,23034
14217,23017
12078,22956
11714,22769
14220,22641
10703,22636
10075,22591
10471,22577
13208,22560
11692,22394
13850,22392
11762,22263
10708,22212
14211,22206
13820,22157
14213,22132
14020,22060
14617,21985
11581,21847
14223,21734
13212,21557
11563,21537
14216,21464
12047,21453
10552,21342
10805,21331
14072,21287
11783,21285
11694,21258
12110,21223
14420,21124
11726,21012
10543,20999
12304,20929
13088,20926
11768,20903
10990,20735
12144,20604
14227,20540
12208,20517
11411,20473
14845,20401
10509,20230
11426,20222
10567,20094
14206,20064
10605,19849
11428,19830
12508,19812
14214,19754
11501,19675
14456,19539
11738,19364
13204,19264
14051,19178
10037,19177
14830,19138
14526,19001
11436,18955
14218,18935
11360,18892
10603,18862
11747,18795
13901,18786
11362,18694
14559,18584
11415,18464
11030,18450
12561,18224
11021,18181
14468,17994
12189,17945
10302,17942
13903,17905
12477,17870
11754,17861
12589,17843
12534,17814
13790,17763
14052,17664
14760,17567
14611,17429
12831,17389
10580,17185
13039,17078
14305,17026
11733,17000
12054,16948
14607,16880
13203,16876
13206,16837
11703,16820
14615,16812
11575,16799
13676,16754
13205,16746
11788,16693
11937,16672
12118,16467
10606,16199
13662,16179
10538,16151
11950,16130
10549,16121
11790,16099
10017,16065
13104,16038
11780,15934
13669,15870
10960,15757
13413,15750
11798,15636
12524,15608
14901,15581
12206,15537
10470,15500
10965,15493
13031,15484
12953,15469
14613,15375
14564,15359
11004,15297
14904,15109
14222,15103
11946,15058
11782,15057
10307,15053
11767,15051
13219,14819
11951,14756
12538,14566
14048,14414
12771,14408
10804,14365
12801,14330
13215,14306
11953,14301
12019,14244
14210,14148
11366,14109
12308,14038
11598,13977
11702,13963
10980,13923
14063,13891
12182,13886
14619,13788
14513,13749
11961,13701
14411,13671
11764,13633
10924,13538
11949,13457
11751,13399
10528,13395
10941,13384
14610,13373
11730,13335
13421,13230
13057,13126
11753,13092
11693,13029
12839,13011
10530,12925
14622,12906
13815,12901
10520,12885
14527,12835
11239,12832
10570,12780
10044,12770
12528,12767
11545,12686
11576,12606
13207,12552
10514,12543
13032,12522
11755,12514
10803,12492
14843,12447
13066,12443
13209,12364
10918,12286
14004,12240
14425,12230
11577,12120
10927,12076
12095,11986
11742,11968
12566,11886
11778,11855
14586,11848
14301,11838
13041,11808
14810,11673
13323,11585
10474,11579
13617,11556
13827,11538
14519,11537
14605,11457
12549,11453
14219,11391
12701,11278
14437,11274
14608,11260
14454,11237
12211,11227
14201,11192
10604,11132
13492,11118
12210,11057
10522,11052
11766,11018
10536,11002
14212,10973
13078,10940
14092,10819
11968,10778
13357,10748
13148,10648
14502,10551
14103,10448
14059,10446
13619,10439
10970,10433
14208,10346
10510,10300
11596,10276
10601,10256
12209,10237
14870,10202
14031,10158
14032,10084
13642,10055
14625,10051
12571,10037
14467,9909
13165,9905
12569,9838
14006,9823
11518,9819
13037,9775
11716,9748
10553,9747
13350,9727
12414,9726
12061,9725
10707,9713
12828,9690
13036,9632
14522,9559
11771,9517
11023,9479
10523,9415
10280,9372
10709,9369
14001,9324
11740,9321
13603,9274
14472,9271
11777,9156
11797,8998
12572,8961
14895,8957
11565,8921
10920,8919
13367,8893
12540,8882
14011,8864
10992,8830
11752,8821
13035,8707
10005,8664
10706,8622
13224,8486
13365,8472
10595,8439
11558,8435
10989,8415
11792,8413
13214,8392
14905,8330
12803,8317
11769,8299
11559,8265
10579,8250
11713,8247
14482,8230
12043,8202
14057,8192
11096,8155
12033,8152
10018,8135
10589,8080
10504,8053
10547,8034
11705,8033
13340,8023
14204,8003
12159,7971
11557,7950
11024,7869
13152,7841
14209,7807
14445,7761
14892,7748
12983,7719
12564,7710
12009,7690
14085,7605
13732,7602
12563,7579
10007,7566
14141,7534
14589,7502
12204,7497
11789,7496
13403,7485
11516,7476
10533,7463
14464,7419
13029,7360
11934,7357
14470,7331
14428,7278
12307,7219
10590,7208
14903,7186
14068,7169
10607,7162
10507,7152
12754,7142
12198,7119
10994,7115
12018,7112
14489,7065
11507,7051
11963,6966
14070,6958
13202,6943
11560,6850
11363,6834
14414,6797
12570,6772
12051,6769
12184,6762
13073,6729
11709,6720
12972,6611
13114,6594
12158,6550
14779,6537
12428,6535
14047,6525
10069,6504
12832,6500
14886,6490
12077,6488
13142,6486
11933,6475
13077,6462
10577,6387
13339,6382
10996,6342
11020,6325
14514,6293
11721,6258
12305,6246
14568,6241
12582,6213
13865,6203
13108,6193
12186,6190
13316,6168
13902,6162
12222,6151
13118,6130
11109,6127
13211,6117
14706,6110
12834,6101
10282,6086
11971,6073
14487,5997
11980,5966
12822,5962
14837,5947
13135,5939
12090,5931
12986,5928
10962,5927
14569,5910
12721,5881
12518,5861
14174,5843
12542,5684
13309,5672
14303,5652
14469,5646
14009,5625
10983,5597
14036,5588
10594,5587
14261,5557
10506,5555
13753,5511
14530,5500
13166,5465
13778,5458
10516,5449
14867,5431
14590,5420
14551,5392
14727,5385
10502,5351
12025,5331
13159,5303
13624,5297
10913,5294
14801,5234
14108,5196
13068,5184
11579,5183
13605,5173
13326,5165
12123,5120
13830,5119
13733,5112
12962,5084
14871,5081
14131,5056
11942,5053
10993,5044
10576,5036
12170,5034
12143,5032
11952,5031
14572,5017
14067,4971
11940,4963
12522,4918
13053,4861
12887,4857
13407,4830
12946,4819
10560,4814
14883,4808
12084,4806
12883,4790
14787,4759
14105,4745
10532,4739
12498,4713
12446,4683
13452,4671
11514,4644
12816,4642
11804,4639
14546,4614
12053,4611
12845,4610
12157,4597
14541,4584
10916,4582
14136,4574
14510,4571
12833,4544
14512,4542
14891,4536
13140,4534
12545,4517
12037,4489
14423,4479
11568,4470
13849,4449
12885,4437
13602,4383
10963,4367
12871,4361
14080,4323
10464,4322
10524,4317
11715,4287
14750,4277
14737,4272
12134,4232
13074,4230
13329,4211
13082,4201
14802,4171
12594,4150
11944,4144
12148,4143
12122,4137
13803,4131
13460,4122
11796,4112
12929,4103
10548,4087
12196,4072
13862,4053
13456,4039
12027,3996
14772,3995
13811,3988
14485,3976
12790,3933
14433,3920
13833,3890
10925,3886
13838,3873
13308,3867
13317,3847
12083,3830
13084,3814
10921,3812
13033,3807
14025,3784
13354,3777
13748,3766
12809,3751
14202,3749
12443,3721
13634,3706
12758,3699
12944,3683
12404,3679
14733,3655
13743,3630
13476,3617
14416,3611
12543,3586
13408,3584
12992,3565
11954,3563
13132,3557
12526,3530
11697,3527
14125,3514
11732,3505
10987,3499
10926,3482
14823,3467
12827,3455
13116,3447
10998,3428
13655,3418
14757,3371
12487,3370
11794,3363
12015,3347
14062,3331
13491,3330
14738,3319
12484,3318
13131,3317
11749,3315
10004,3310
12413,3290
14719,3283
10006,3260
13478,3257
12154,3249
12846,3248
14710,3244
10958,3236
13480,3235
13080,3227
12458,3223
11719,3209
12449,3208
14812,3200
13668,3196
10974,3189
12117,3163
12138,3156
11955,3149
14543,3145
14821,3141
10588,3102
13795,3093
13411,3092
11724,3089
14521,3077
13417,3066
12072,3065
14712,3051
13060,3050
13471,3045
13787,3039
12068,3029
14098,3028
13691,3016
11935,3008
13461,2987
11978,2981
12520,2970
12525,2966
12074,2957
13438,2944
12788,2909
14735,2900
13825,2888
13754,2883
12850,2866
14517,2846
14081,2844
12821,2839
12921,2835
13656,2834
12546,2824
13332,2823
14561,2815
12547,2810
12919,2805
14865,2784
12514,2772
10537,2769
14770,2761
13167,2756
13044,2742
12966,2732
14840,2730
11549,2728
14724,2723
13613,2698
14809,2676
10984,2661
13783,2659
12183,2647
12531,2645
12918,2641
14716,2640
13730,2630
11977,2629
12567,2608
13164,2607
13654,2603
13620,2592
14715,2585
12056,2543
14604,2536
14525,2524
14775,2520
10973,2510
14817,2508
11548,2491
13092,2484
10968,2466
13606,2456
13101,2448
12759,2443
12916,2436
12979,2435
13146,2433
14034,2428
12859,2425
14739,2421
13658,2414
12981,2401
12920,2387
14471,2385
13042,2383
12926,2380
12023,2376
14012,2374
13040,2370
12776,2361
14170,2350
13459,2343
14516,2338
14873,2328
14435,2327
14560,2320
13493,2318
14005,2312
12106,2299
11964,2287
14782,2272
14476,2270
13797,2262
12094,2260
13812,2258
14879,2257
13409,2255
14533,2254
11005,2249
12817,2243
13160,2242
13843,2241
13685,2238
13612,2233
14767,2224
13616,2202
13110,2198
13324,2195
12910,2190
12057,2176
12780,2165
12501,2158
12974,2152
12775,2151
13425,2143
13622,2138
13320,2119
14744,2103
12578,2100
13120,2092
13736,2086
12996,2084
13416,2079
14422,2074
14427,2073
12747,2072
14806,2060
13648,2056
12748,2042
14838,2039
13076,2037
13495,2035
13083,2027
14747,2015
12789,2009
12185,2007
14726,1980
12155,1979
12070,1974
14743,1938
12575,1930
12577,1929
12740,1927
13034,1925
12052,1921
12529,1919
14481,1906
12912,1903
13431,1902
14718,1899
12193,1888
14814,1883
12937,1880
13646,1879
10526,1860
12066,1837
10986,1836
12853,1834
13734,1828
13063,1827
14203,1819
12523,1810
12737,1800
14741,1796
11509,1790
14167,1788
14138,1786
14781,1782
13775,1780
13697,1776
13111,1769
12977,1763
13327,1762
13809,1761
13156,1757
14804,1739
12870,1736
12481,1732
13304,1726
14101,1718
12779,1701
12463,1700
13608,1698
12060,1687
13679,1686
13112,1683
12140,1681
14013,1680
13428,1668
12491,1660
13680,1643
13660,1641
13052,1626
13328,1622
13661,1609
13144,1608
13490,1606
12783,1605
12093,1602
12062,1601
14504,1593
14889,1580
13746,1578
14478,1577
13343,1572
14028,1571
12430,1570
12723,1561
14591,1556
12455,1553
14008,1547
13652,1544
14466,1526
13618,1525
13808,1524
12521,1522
14129,1519
12496,1516
13630,1515
13054,1500
12504,1490
12993,1486
13302,1483
12472,1482
12959,1474
13315,1471
13625,1470
14477,1460
13801,1457
14145,1456
13303,1454
12440,1449
13607,1445
13402,1441
12935,1428
12451,1425
14091,1422
14709,1421
13145,1410
14024,1408
12941,1402
13757,1396
12785,1390
13348,1381
12086,1379
14102,1367
13810,1362
14778,1349
12461,1343
14055,1337
10505,1336
13694,1328
12423,1320
14571,1314
13835,1310
12903,1306
12151,1302
13318,1300
14731,1291
10919,1286
14869,1276
13338,1263
12814,1259
14550,1256
13839,1251
10162,1240
13469,1238
10501,1237
14858,1232
13485,1231
12719,1229
12502,1224
13807,1214
12932,1210
13081,1203
13368,1184
14753,1182
12956,1180
11569,1175
14861,1153
14614,1151
13681,1149
12166,1145
11939,1144
12837,1140
12548,1133
14860,1132
12733,1129
12431,1125
12989,1114
14842,1111
13635,1108
12046,1103
11932,1099
14109,1089
10546,1085
12125,1084
13334,1083
12029,1082
14859,1076
12087,1069
12997,1067
13420,1064
13796,1063
14728,1056
12489,1055
12980,1053
14555,1048
10518,1041
12967,1035
14740,1032
13477,1029
12815,1027
11957,1023
12751,1019
12092,1008
12565,997
14769,996
12985,994
14729,990
11972,983
13755,982
12058,971
12456,968
14846,966
13802,964
12427,962
14864,961
14822,947
14506,939
12765,937
14418,932
14836,931
12768,930
12585,928
13028,926
12457,911
13615,905
14480,904
12442,901
13788,899
14037,897
14507,894
12130,892
12914,891
13322,888
13752,886
13072,884
14839,881
12863,880
13061,877
12873,875
13361,872
11765,871
13406,865
12777,863
12150,849
13684,842
12160,841
12970,839
10527,829
13782,824
12930,815
12434,813
12153,809
14820,807
13454,800
13750,788
14855,785
14825,784
14803,782
14815,776
14897,772
12063,770
12842,765
12494,762
13319,761
12156,752
14720,749
12791,745
14885,742
12120,733
12409,723
11960,721
14462,718
13780,708
12028,707
13486,701
10597,699
14819,696
12406,695
12190,687
11958,683
14777,673
11948,670
14126,661
12136,658
13682,654
12022,652
12485,650
12838,638
12960,635
12810,630
13337,628
13842,627
13665,626
11547,625
11930,618
12503,617
12482,612
12836,605
14714,604
14536,599
10988,596
12604,594
12884,593
14877,583
12473,573
11959,571
13690,569
14026,568
12470,564
13832,563
13841,561
12417,559
14748,548
12124,545
14816,544
12008,542
13489,538
12965,537
14878,536
14754,533
12861,530
12823,527
12174,526
12187,519
13141,510
13776,507
12574,502
12778,500
14082,498
10517,497
13621,494
13155,491
13157,489
14113,488
13123,485
12843,482
12860,480
13670,476
13153,469
13786,464
12412,460
13687,458
11965,456
13313,451
12017,445
12420,436
13777,433
12085,430
11947,423
12936,420
10933,417
13693,408
12480,407
12164,402
13638,401
12847,400
14511,399
14717,394
12749,393
12448,387
12471,384
13659,382
13861,379
13136,360
13614,355
12108,354
12132,352
13410,350
12411,349
13664,348
12852,344
12460,340
14752,339
12786,336
13678,330
13437,326
12738,322
12071,319
13483,317
12064,307
14783,306
12849,303
12069,294
12844,292
12856,291
13117,289
14475,287
14884,284
13834,279
12787,278
12927,276
14856,275
12886,273
13418,268
14874,260
14302,255
10535,254
12452,253
12036,252
13633,249
12745,247
12724,246
12195,245
14708,239
13115,238
13636,237
12819,236
13314,232
14130,231
12976,228
14545,227
13103,226
13806,224
13364,222
11430,220
12975,217
13784,215
13628,211
12507,210
12421,207
12483,205
13305,204
12165,200
13441,197
13751,189
14736,188
12424,185
12161,183
12436,182
12741,175
12874,173
13639,172
13341,171
11975,170
14173,166
12493,163
13695,152
14881,151
13345,150
10985,149
12841,148
14827,146
12435,144
12139,142
14479,140
12450,139
14774,137
13051,135
13360,134
13404,130
14035,127
12441,125
14415,124
12194,122
13138,121
14112,118
10545,115
12720,109
12811,108
12858,107
12973,104
13488,103
12131,98
10279,96
14135,95
13647,89
11931,84
14542,80
12964,67
14539,60
13847,58
14039,57
14585,50
14592,48
13436,42
11424,40
12490,39
13641,38
13333,35
12922,32
13643,30
14168,29
13415,25
13860,22
12722,21
13353,17
14854,14
14529,12
13677,6
11214,90372
11234,90372
13069,24111
10566,24111
12586,11774
12188,11774
10930,9789
13904,9789
12202,7753
10923,7753
13346,6225
11786,6225
14132,5999
13856,5999
14505,5277
14432,5277
14042,4359
12580,4359
14548,4132
10928,4132
14532,3998
14882,3998
13637,3720
13439,3720
12865,3470
13030,3470
14755,3146
14111,3146
11718,3070
14807,3070
14172,2781
13667,2781
12167,2663
14853,2663
12075,2530
12835,2530
14847,2375
13424,2375
13363,2358
12149,2358
14544,2280
14627,2280
13626,2271
14826,2271
14813,2264
12207,2264
13673,2231
12581,2231
12583,2160
14058,2160
12197,2139
12173,2139
12466,2110
12121,2110
12958,2020
14139,2020
12168,1993
12137,1993
14030,1882
12516,1882
12486,1874
14711,1874
11976,1847
14880,1847
12192,1778
10922,1778
14898,1772
13158,1772
12764,1770
11941,1770
14040,1719
12059,1719
14065,1705
13026,1705
12592,1671
13024,1671
13433,1657
12515,1657
12729,1650
10917,1650
12957,1559
13650,1559
12067,1554
14054,1554
12116,1506
10964,1506
12726,1440
13355,1440
13335,1386
10578,1386
13464,1368
13813,1368
14033,1344
12917,1344
13744,1307
11739,1307
12076,1188
14066,1188
13122,1181
13864,1181
14723,1098
10969,1098
12934,1059
12913,1059
10596,1051
14894,1051
13147,1031
10931,1031
13325,955
12468,955
12824,946
13731,946
14784,938
14143,938
12474,934
13071,934
12734,828
13310,828
13739,783
12762,783
12732,753
12032,753
12763,684
12857,684
12041,681
13863,681
12950,674
13844,674
13470,665
14841,665
12469,642
14069,642
12405,579
12035,579
12923,555
12444,555
12177,547
14872,547
14808,514
12432,514
12147,495
12419,495
12433,483
13740,483
13846,475
11042,475
13163,462
14486,462
12945,449
12045,449
12416,439
13672,439
13756,431
12513,431
12454,380
12439,380
12475,373
12176,373
12410,366
12955,366
13435,347
12969,347
14061,345
12453,345
13312,332
13804,332
12943,314
12429,314
12418,313
12998,313
10519,305
12952,305
12465,301
14441,301
11962,296
12752,296
12422,272
13640,272
12978,258
13113,258
12767,250
13675,250
12781,242
12987,242
13494,240
13666,240
12750,233
12042,233
13342,229
12769,229
14722,214
12812,214
13674,191
14588,191
12172,187
13134,187
14041,180
14732,180
14721,160
14537,160
13692,155
12939,155
13845,147
12725,147
12407,129
13362,129
10953,112
13651,112
12792,106
10503,106
12872,91
10975,91
12040,87
13696,87
12495,85
13450,85
10915,79
13472,79
13794,75
13020,75
13102,74
12742,74
12924,59
12115,59
12530,47
10932,47
11973,37
13062,37
10979,36
12784,36
14788,28
14756,28
12007,10
13352,10
13143,2300
10511,2300
10976,2300
12928,2029
14818,2029
14171,2029
12464,958
13473,958
14805,958
12878,663
12746,663
12942,663
14824,639
12175,639
13321,639
14060,478
13468,478
12760,478
12169,353
12851,353
11956,353
13162,248
12766,248
12770,248
12855,244
14742,244
12512,244
12808,243
13087,243
12961,243
13064,198
13774,198
13301,198
13484,174
12459,174
12031,174
12736,90
14707,90
12492,90
14549,65
12933,65
11770,65
12089,61
06390,61
13331,61
12864,13
13475,13
13623,13
12517,391
12743,391
10914,391
11970,391
13859,99
13124,99
14134,99
14169,99